Round,Accuracy
1,26.001571091908875
2,24.90180675569521
3,26.31578947368421
4,24.27336999214454
